run_id,operator,executed_at,countries,total_jobs,success_count,failure_count,duration,status,module,persona,variant
19204bfe-c4a1-4aeb-9acc-eadb5f009cb1,admin@platform.com,2026-03-07T11:09:56.760281+00:00,TR,4,1,0,6790,success,global,individual,A
d0f5d644-e51e-4432-8fbd-29ae54b7accc,admin@platform.com,2026-03-07T11:09:26.609130+00:00,TR|DE|FR,12,3,0,31017,success,global,individual,A
3d7fa73b-b2bd-413c-bf00-f03782d7d3c2,admin@platform.com,2026-03-07T11:01:51.128593+00:00,TR,4,1,0,2246,success,stress100-global-lite,individual,A
4929ffca-8779-4d16-9409-e8d8edf1cf64,admin@platform.com,2026-03-07T11:01:46.989761+00:00,TR,4,1,0,2284,success,stress100-global-lite,individual,A
1222e930-e300-46c2-8a45-4a540c05d09b,admin@platform.com,2026-03-07T11:01:42.843965+00:00,TR,4,1,0,2266,success,stress100-global-lite,individual,A
6420ade8-0860-4233-a2b4-5c7c7466e405,admin@platform.com,2026-03-07T11:01:38.671666+00:00,TR,4,1,0,2286,success,stress100-global-lite,individual,A
4762d401-f703-46f4-a4bb-3cfd052dd180,admin@platform.com,2026-03-07T11:01:34.508416+00:00,TR,4,1,0,2235,success,stress100-global-lite,individual,A
398d323f-8ea2-4f0e-9aa7-3f28724e0caa,admin@platform.com,2026-03-07T11:01:30.372905+00:00,TR,4,1,0,2231,success,stress100-global-lite,individual,A
fcd022b9-0500-4ae0-be0b-ae541bf2c17b,admin@platform.com,2026-03-07T11:01:26.283531+00:00,TR,4,1,0,2246,success,stress100-global-lite,individual,A
fd90706f-242b-4789-aa95-8202045401da,admin@platform.com,2026-03-07T11:01:22.125981+00:00,TR,4,1,0,2279,success,stress100-global-lite,individual,A
f51b523c-94e2-4d1b-a8d4-59a915fc35eb,admin@platform.com,2026-03-07T11:01:17.978891+00:00,TR,4,1,0,2228,success,stress100-global-lite,individual,A
d4185e85-6d86-450e-9ad9-7a845cd07adc,admin@platform.com,2026-03-07T11:01:13.562336+00:00,TR,4,1,0,2254,success,stress100-global-lite,individual,A
b78dcde1-1448-421c-8ad3-ee0d9de7639d,admin@platform.com,2026-03-07T11:01:09.403867+00:00,TR,4,1,0,2246,success,stress100-global-lite,individual,A
430f2235-49ba-4134-bd99-0525c79d0e35,admin@platform.com,2026-03-07T11:01:05.265349+00:00,TR,4,1,0,2264,success,stress100-global-lite,individual,A
0cdfef23-3819-4cad-83ea-a3354b9fa493,admin@platform.com,2026-03-07T11:01:00.633018+00:00,TR,4,1,0,2239,success,stress100-global-lite,individual,A
3488d9a9-270f-4eab-98a1-300c4703ce89,admin@platform.com,2026-03-07T11:00:56.509612+00:00,TR,4,1,0,2239,success,stress100-global-lite,individual,A
159c6568-c83c-4efc-aa1e-c2bddbad3fed,admin@platform.com,2026-03-07T11:00:52.412228+00:00,TR,4,1,0,2245,success,stress100-global-lite,individual,A
3db1ec43-dba4-4f62-bc4d-2fb0fd1d8619,admin@platform.com,2026-03-07T11:00:48.281752+00:00,TR,4,1,0,2242,success,stress100-global-lite,individual,A
392f4812-fc0b-4c21-9531-aa82a833ad47,admin@platform.com,2026-03-07T11:00:44.153423+00:00,TR,4,1,0,2248,success,stress100-global-lite,individual,A
492a9799-7aa7-411c-a914-a4ed42f6050b,admin@platform.com,2026-03-07T11:00:39.991228+00:00,TR,4,1,0,2240,success,stress100-global-lite,individual,A
5c3f0977-6170-42ff-b437-203d1de22e83,admin@platform.com,2026-03-07T11:00:35.875818+00:00,TR,4,1,0,2244,success,stress100-global-lite,individual,A
1398fef4-a50c-435b-a744-e61d0f3f55ff,admin@platform.com,2026-03-07T11:00:31.724912+00:00,TR,4,1,0,4919,success,stress100-global-lite,individual,A
8183364b-6b82-442f-a4ef-510639e02c3b,admin@platform.com,2026-03-07T10:59:04.327629+00:00,TR,4,1,0,2577,success,stress100-global-fast,individual,A
f80df150-e732-48ce-a4c3-8284ca74a636,admin@platform.com,2026-03-07T10:58:59.855852+00:00,TR,4,1,0,2245,success,stress100-global-fast,individual,A
2a404b66-fefa-4f47-aba7-e8c37e715157,admin@platform.com,2026-03-07T10:58:55.719564+00:00,TR,4,1,0,2231,success,stress100-global-fast,individual,A
522a4641-b763-4ce4-946a-0369a76dd3c4,admin@platform.com,2026-03-07T10:58:51.599189+00:00,TR,4,1,0,2242,success,stress100-global-fast,individual,A
5e014bf8-6374-45c8-ba3f-1e7f0958e6e3,admin@platform.com,2026-03-07T10:58:47.476052+00:00,TR,4,1,0,2263,success,stress100-global-fast,individual,A
e8a765f5-5fb6-4c44-9744-51515c7063ac,admin@platform.com,2026-03-07T10:58:43.326634+00:00,TR,4,1,0,2248,success,stress100-global-fast,individual,A
aeba642b-259f-4d74-9cdc-7a93ac45d69d,admin@platform.com,2026-03-07T10:58:39.110801+00:00,TR,4,1,0,2294,success,stress100-global-fast,individual,A
a00d40e0-77c8-4283-8ed6-c202e9edf5f7,admin@platform.com,2026-03-07T10:58:34.916765+00:00,TR,4,1,0,2239,success,stress100-global-fast,individual,A
5986f141-1a3b-44f8-be16-298206c78250,admin@platform.com,2026-03-07T10:58:30.809404+00:00,TR,4,1,0,2296,success,stress100-global-fast,individual,A
07806d30-fe2a-459a-803f-6f926e7a0ba2,admin@platform.com,2026-03-07T10:58:26.255537+00:00,TR,4,1,0,2250,success,stress100-global-fast,individual,A
d4921ba3-d513-414a-8cf9-654018b0411b,admin@platform.com,2026-03-07T10:58:22.110103+00:00,TR,4,1,0,2249,success,stress100-global-fast,individual,A
837272e3-c715-4963-9f46-8802994db9ba,admin@platform.com,2026-03-07T10:58:17.946123+00:00,TR,4,1,0,2239,success,stress100-global-fast,individual,A
300b539c-64b4-46f1-bbfd-5cc57ae383b2,admin@platform.com,2026-03-07T10:58:13.846979+00:00,TR,4,1,0,2244,success,stress100-global-fast,individual,A
f9db51a0-6669-40f8-930a-43c338f9c44f,admin@platform.com,2026-03-07T10:58:09.699292+00:00,TR,4,1,0,2249,success,stress100-global-fast,individual,A
143a2c21-75ee-453e-8cf1-3fc7ed10e458,admin@platform.com,2026-03-07T10:58:05.565011+00:00,TR,4,1,0,2245,success,stress100-global-fast,individual,A
dbdfffa2-56b2-46dd-a007-7892268a440d,admin@platform.com,2026-03-07T10:58:01.170439+00:00,TR,4,1,0,2248,success,stress100-global-fast,individual,A
bfdb7042-bc03-4090-91d6-faf8a913066f,admin@platform.com,2026-03-07T10:57:57.057467+00:00,TR,4,1,0,2234,success,stress100-global-fast,individual,A
7ea75864-7e5e-4ffa-93c4-db06e3ac6f9d,admin@platform.com,2026-03-07T10:57:52.921472+00:00,TR,4,1,0,2395,success,stress100-global-fast,individual,A
44d778a3-57fc-4328-88c5-d005fc764332,admin@platform.com,2026-03-07T10:57:47.918191+00:00,TR,4,1,0,2257,success,stress100-global-fast,individual,A
25c216c1-c40e-419d-8505-1427013e7ea7,admin@platform.com,2026-03-07T10:57:43.788695+00:00,TR,4,1,0,2236,success,stress100-global-fast,individual,A
66e85d3b-0d11-4c99-8a4a-6ef5aaf5292a,admin@platform.com,2026-03-07T10:57:39.671550+00:00,TR,4,1,0,2244,success,stress100-global-fast,individual,A
1cce15ef-3a65-40d0-8672-8544b8672bb4,admin@platform.com,2026-03-07T10:57:35.537399+00:00,TR,4,1,0,2228,success,stress100-global-fast,individual,A
dc71bacb-8e69-43fd-9bf5-bab79df34573,admin@platform.com,2026-03-07T10:57:31.421005+00:00,TR,4,1,0,2242,success,stress100-global-fast,individual,A
7ffd22e9-9e21-40bb-bf34-087d33aef9a9,admin@platform.com,2026-03-07T10:57:27.303105+00:00,TR,4,1,0,2233,success,stress100-global-fast,individual,A
f08b6788-52d6-462e-860a-b2c0adc97c07,admin@platform.com,2026-03-07T10:57:23.199546+00:00,TR,4,1,0,2252,success,stress100-global-fast,individual,A
2726440b-fac5-427e-a516-04aaf5255bcf,admin@platform.com,2026-03-07T10:57:19.055545+00:00,TR,4,1,0,2264,success,stress100-global-fast,individual,A
f34770be-224a-474e-a0af-83380f709b1d,admin@platform.com,2026-03-07T10:57:14.926181+00:00,TR,4,1,0,2235,success,stress100-global-fast,individual,A
dbc7f766-2d65-4306-bcbe-04d303588f7b,admin@platform.com,2026-03-07T10:57:10.784060+00:00,TR,4,1,0,2285,success,stress100-global-fast,individual,A
643e9c94-c2c9-4ae8-aff9-e3d10b4ac3ed,admin@platform.com,2026-03-07T10:57:06.637214+00:00,TR,4,1,0,2234,success,stress100-global-fast,individual,A
17ef30aa-f595-4907-84d9-1fa29b1fcd96,admin@platform.com,2026-03-07T10:57:02.481212+00:00,TR,4,1,0,2336,success,stress100-global-fast,individual,A
aa38af70-9c8f-48b2-ae03-79281d7b25c9,admin@platform.com,2026-03-07T10:56:58.248301+00:00,TR,4,1,0,2242,success,stress100-global-fast,individual,A
4ca24522-2a54-480f-a654-e29135599521,admin@platform.com,2026-03-07T10:56:54.113476+00:00,TR,4,1,0,3286,success,stress100-global-fast,individual,A
fba83d36-b9ef-4078-a798-e08a3662e8c7,admin@platform.com,2026-03-07T10:56:48.964391+00:00,TR,4,1,0,2234,success,stress100-global-fast,individual,A
abfce6d7-189f-4587-903a-ca689bbf283c,admin@platform.com,2026-03-07T10:56:44.822185+00:00,TR,4,1,0,2249,success,stress100-global-fast,individual,A
20d53a62-6112-4afc-bf25-830eac58586d,admin@platform.com,2026-03-07T10:56:40.698822+00:00,TR,4,1,0,2239,success,stress100-global-fast,individual,A
dbb1f83f-c6ba-4d0c-bca0-f4633716736d,admin@platform.com,2026-03-07T10:56:36.571317+00:00,TR,4,1,0,2237,success,stress100-global-fast,individual,A
6a7d3345-0a3a-4508-8e27-4aa176be670b,admin@platform.com,2026-03-07T10:56:32.472791+00:00,TR,4,1,0,2236,success,stress100-global-fast,individual,A
4d3809ae-06d0-4bac-b331-2a823160e145,admin@platform.com,2026-03-07T10:56:28.343253+00:00,TR,4,1,0,2240,success,stress100-global-fast,individual,A
ca01f68e-c3e4-4210-bbe9-8c61aab0f67b,admin@platform.com,2026-03-07T10:56:24.189689+00:00,TR,4,1,0,2255,success,stress100-global-fast,individual,A
eeef6481-0f5b-4fe7-9515-a6b8ac9e69b9,admin@platform.com,2026-03-07T10:56:19.998537+00:00,TR,4,1,0,2252,success,stress100-global-fast,individual,A
22537ea9-0fac-459c-8e59-eb0c5c35dafc,admin@platform.com,2026-03-07T10:56:15.418052+00:00,TR,4,1,0,2239,success,stress100-global-fast,individual,A
537b426e-4588-4515-8527-d24fd2a4fedc,admin@platform.com,2026-03-07T10:56:11.239542+00:00,TR,4,1,0,2233,success,stress100-global-fast,individual,A
4f3ab4ce-29d9-4b34-8f09-1e057ee35927,admin@platform.com,2026-03-07T10:56:07.150557+00:00,TR,4,1,0,2257,success,stress100-global-fast,individual,A
922a4a85-b35e-424d-a72d-97dc8e833563,admin@platform.com,2026-03-07T10:56:02.868209+00:00,TR,4,1,0,2524,success,stress100-global-fast,individual,A
75c7c297-53f1-4040-9622-4f1b6ac57096,admin@platform.com,2026-03-07T10:55:58.484930+00:00,TR,4,1,0,2275,success,stress100-global-fast,individual,A
8d51d4be-442f-43a6-a6b1-a32d6d1fd594,admin@platform.com,2026-03-07T10:55:54.325978+00:00,TR,4,1,0,2263,success,stress100-global-fast,individual,A
8b444f87-f342-4900-a73a-083744eb34a9,admin@platform.com,2026-03-07T10:55:50.137280+00:00,TR,4,1,0,2262,success,stress100-global-fast,individual,A
42db576e-49c5-4e2b-b997-a9656f36951e,admin@platform.com,2026-03-07T10:55:45.991080+00:00,TR,4,1,0,2247,success,stress100-global-fast,individual,A
1c808073-8e29-4ae9-9812-0f7e97ae2714,admin@platform.com,2026-03-07T10:55:41.881113+00:00,TR,4,1,0,2256,success,stress100-global-fast,individual,A
9a48036a-027f-4419-bf2d-3ba7ac665461,admin@platform.com,2026-03-07T10:55:37.716384+00:00,TR,4,1,0,2241,success,stress100-global-fast,individual,A
48cf1ce3-ce8d-40e9-bee1-b91dce3a1b36,admin@platform.com,2026-03-07T10:55:33.598380+00:00,TR,4,1,0,2236,success,stress100-global-fast,individual,A
da2ac1a2-1fa2-43fc-aecc-6ae34ea53932,admin@platform.com,2026-03-07T10:55:29.485563+00:00,TR,4,1,0,2254,success,stress100-global-fast,individual,A
a236cb6a-9379-4bd3-a231-83b2116e13f1,admin@platform.com,2026-03-07T10:55:25.352601+00:00,TR,4,1,0,2282,success,stress100-global-fast,individual,A
48ad3428-1f55-46ea-af63-10bf4c9c92a3,admin@platform.com,2026-03-07T10:55:21.188412+00:00,TR,4,1,0,2237,success,stress100-global-fast,individual,A
57b4fd20-d7dd-4f9f-a036-48c481b0f4da,admin@platform.com,2026-03-07T10:55:17.028236+00:00,TR,4,1,0,2256,success,stress100-global-fast,individual,A
a65c459e-1581-4b49-98d8-4e0ed8d51d7c,admin@platform.com,2026-03-07T10:55:12.868350+00:00,TR,4,1,0,2232,success,stress100-global-fast,individual,A
049891c6-4d61-434e-b9ce-ce06ffaf67b8,admin@platform.com,2026-03-07T10:55:08.770278+00:00,TR,4,1,0,2250,success,stress100-global-fast,individual,A
ca9e724f-20de-4fc6-85d1-f694f761daf9,admin@platform.com,2026-03-07T10:55:04.642073+00:00,TR,4,1,0,2348,success,stress100-global-fast,individual,A
b3e8c93b-fad2-4b86-93be-3dc494df590b,admin@platform.com,2026-03-07T10:55:00.373191+00:00,TR,4,1,0,2247,success,stress100-global-fast,individual,A
6eb1f08f-2ce9-4bd3-b89e-fb680fc87999,admin@platform.com,2026-03-07T10:54:56.245422+00:00,TR,4,1,0,5996,success,stress100-global-fast,individual,A
886652db-2bd3-4fef-bd43-9882661e31b2,admin@platform.com,2026-03-07T10:54:19.416463+00:00,TR|DE|FR,12,3,0,6429,success,stress100-global,individual,A
fa1f9647-94bf-489f-b981-65440e1644a4,admin@platform.com,2026-03-07T10:54:19.156708+00:00,TR|DE|FR,12,3,0,6485,success,stress100-global,individual,A
bc2353aa-a5df-443e-86ba-559d03b2d893,admin@platform.com,2026-03-07T10:54:11.118998+00:00,TR|DE|FR,12,3,0,6391,success,stress100-global,individual,A
9d9b7226-65a4-43f0-9bb2-d97c83511061,admin@platform.com,2026-03-07T10:54:10.703542+00:00,TR|DE|FR,12,3,0,6413,success,stress100-global,individual,A
c6e85c7f-2f1a-4ece-b56a-d8afa1a1ddb5,admin@platform.com,2026-03-07T10:54:02.858737+00:00,TR|DE|FR,12,3,0,6682,success,stress100-global,individual,A
ad127c21-3e14-47bf-ae0d-88b552cf3ca3,admin@platform.com,2026-03-07T10:54:02.335411+00:00,TR|DE|FR,12,3,0,6757,success,stress100-global,individual,A
660a0ea3-cc44-4102-abcf-2d38d355fee7,admin@platform.com,2026-03-07T10:53:54.318425+00:00,TR|DE|FR,12,3,0,7056,success,stress100-global,individual,A
10a8248e-6520-422d-b911-232ae67e6c52,admin@platform.com,2026-03-07T10:53:53.633140+00:00,TR|DE|FR,12,3,0,6799,success,stress100-global,individual,A
90450f91-5adf-4a50-b3ff-6e019948b9c8,admin@platform.com,2026-03-07T10:53:45.396711+00:00,TR|DE|FR,12,3,0,6401,success,stress100-global,individual,A
d27da62f-2de9-4924-9331-c21f9b0cfca5,admin@platform.com,2026-03-07T10:53:44.963458+00:00,TR|DE|FR,12,3,0,6443,success,stress100-global,individual,A
e38551d0-dd26-4e48-b311-11f5caa5a45b,admin@platform.com,2026-03-07T10:53:37.119909+00:00,TR|DE|FR,12,3,0,6825,success,stress100-global,individual,A
602fd737-60f4-44dd-9d50-9d2e438e0d37,admin@platform.com,2026-03-07T10:53:36.596119+00:00,TR|DE|FR,12,3,0,6545,success,stress100-global,individual,A
0c4e03fc-033e-45a4-b534-f6389a29bcb9,admin@platform.com,2026-03-07T10:53:28.440354+00:00,TR|DE|FR,12,3,0,6996,success,stress100-global,individual,A
8c1a266e-8c7d-4eb0-8553-b78f4b8188e2,admin@platform.com,2026-03-07T10:53:28.143294+00:00,TR|DE|FR,12,3,0,6801,success,stress100-global,individual,A
ff0d4a3b-886c-40fb-879b-85f2823318c2,admin@platform.com,2026-03-07T10:53:19.587602+00:00,TR|DE|FR,12,3,0,6557,success,stress100-global,individual,A
b77e9fd0-e092-4dbf-8281-a327b7bdc962,admin@platform.com,2026-03-07T10:53:19.437922+00:00,TR|DE|FR,12,3,0,6424,success,stress100-global,individual,A
f1ba71c2-97dc-45ef-bc66-14569a8ba01d,admin@platform.com,2026-03-07T10:53:11.173503+00:00,TR|DE|FR,12,3,0,6388,success,stress100-global,individual,A
ea3874b2-4ff2-4063-9e83-147cc825c6fb,admin@platform.com,2026-03-07T10:53:11.015756+00:00,TR|DE|FR,12,3,0,6494,success,stress100-global,individual,A
bd39e745-9afb-428c-9e67-451bba788430,admin@platform.com,2026-03-07T10:53:02.904097+00:00,TR|DE|FR,12,3,0,6605,success,stress100-global,individual,A
4196a8ed-c4d9-4fa9-b659-b3517954cf03,admin@platform.com,2026-03-07T10:53:02.581453+00:00,TR|DE|FR,12,3,0,6663,success,stress100-global,individual,A
c36c4c7b-2bd1-4b15-8f52-3f42e0e49d59,admin@platform.com,2026-03-07T10:52:54.427856+00:00,TR|DE|FR,12,3,0,6702,success,stress100-global,individual,A
9608e14f-9058-4037-b9d8-e20cb59cc72c,admin@platform.com,2026-03-07T10:52:53.737002+00:00,TR|DE|FR,12,3,0,6455,success,stress100-global,individual,A
8c8e5e43-aac2-4a9a-906b-31ea8d6d9b00,admin@platform.com,2026-03-07T10:52:45.634965+00:00,TR|DE|FR,12,3,0,6531,success,stress100-global,individual,A
19fd0b94-5fe1-4ad9-b2a6-a497da9d8670,admin@platform.com,2026-03-07T10:52:45.339264+00:00,TR|DE|FR,12,3,0,6600,success,stress100-global,individual,A
9eb0288d-a4a9-45e1-b69b-e3e6a7df8c50,admin@platform.com,2026-03-07T10:52:37.232702+00:00,TR|DE|FR,12,3,0,6395,success,stress100-global,individual,A
4441beb7-44dd-4d4a-8c15-c9ed949f6514,admin@platform.com,2026-03-07T10:52:36.832157+00:00,TR|DE|FR,12,3,0,6476,success,stress100-global,individual,A
d8e25039-ae18-4cbf-b688-94eb4cc9c698,admin@platform.com,2026-03-07T10:52:28.979293+00:00,TR|DE|FR,12,3,0,6400,success,stress100-global,individual,A
95fd2a77-b923-4728-b446-2303e33c36c8,admin@platform.com,2026-03-07T10:52:28.462625+00:00,TR|DE|FR,12,3,0,6450,success,stress100-global,individual,A
9be18309-e260-4837-a13a-9ec983125c9e,admin@platform.com,2026-03-07T10:52:20.440398+00:00,TR|DE|FR,12,3,0,6388,success,stress100-global,individual,A
81adfdd8-88b7-4a90-8cda-3b7d5c84c636,admin@platform.com,2026-03-07T10:52:19.888362+00:00,TR|DE|FR,12,3,0,6472,success,stress100-global,individual,A
f1366471-dd28-415a-a7ba-75cd0d5a920d,admin@platform.com,2026-03-07T10:52:12.188313+00:00,TR|DE|FR,12,3,0,6397,success,stress100-global,individual,A
19e7634c-83aa-4739-b633-3b7ce21b13a6,admin@platform.com,2026-03-07T10:52:11.543417+00:00,TR|DE|FR,12,3,0,6426,success,stress100-global,individual,A
85b3faff-e34b-45bc-a73a-927095a81c5d,admin@platform.com,2026-03-07T10:52:03.895652+00:00,TR|DE|FR,12,3,0,6587,success,stress100-global,individual,A
be222944-92ec-44e9-9a0a-e5a5720987cc,admin@platform.com,2026-03-07T10:52:03.169754+00:00,TR|DE|FR,12,3,0,6574,success,stress100-global,individual,A
b07334a0-7a86-4668-b675-57322a4dcb76,admin@platform.com,2026-03-07T10:51:55.436554+00:00,TR|DE|FR,12,3,0,6410,success,stress100-global,individual,A
239d15d2-7bf8-45d5-ae75-fab05d9d4baa,admin@platform.com,2026-03-07T10:51:54.507131+00:00,TR|DE|FR,12,3,0,9034,success,stress100-global,individual,A
3cde48e3-7bfd-44e2-8c70-81bd27c1c60b,admin@platform.com,2026-03-07T10:51:47.163690+00:00,TR|DE|FR,12,3,0,6851,success,stress100-global,individual,A
a5a67c93-c9d7-4d26-b530-4cba2dd2b25f,admin@platform.com,2026-03-07T10:51:38.419250+00:00,TR|DE|FR,12,3,0,6704,success,stress100-global,individual,A
abe79c08-9daf-47f7-96a3-69e7c6781c0d,admin@platform.com,2026-03-07T10:51:29.796187+00:00,TR|DE|FR,12,3,0,6502,success,stress100-global,individual,A
afc5ae88-9c91-4b5d-b33f-43af1128c2d2,admin@platform.com,2026-03-07T10:51:21.298837+00:00,TR|DE|FR,12,3,0,6708,success,stress100-global,individual,A
fc2f84db-88a1-4e22-acea-2209ff59eb5c,admin@platform.com,2026-03-07T10:51:12.631110+00:00,TR|DE|FR,12,3,0,6554,success,stress100-global,individual,A
ee1d72e3-5701-4f98-8d48-042e22156ffd,admin@platform.com,2026-03-07T10:51:04.180817+00:00,TR|DE|FR,12,3,0,6828,success,stress100-global,individual,A
b83b3bfb-4e07-414e-a522-85dea017fc49,admin@platform.com,2026-03-07T10:50:55.463814+00:00,TR|DE|FR,12,3,0,6418,success,stress100-global,individual,A
7a363ef9-62ac-40ed-b6fe-7a45f045bd3f,admin@platform.com,2026-03-07T10:50:47.100481+00:00,TR|DE|FR,12,3,0,6427,success,stress100-global,individual,A
2def1de7-62e3-42ba-adf4-b8279514d5c1,admin@platform.com,2026-03-07T10:50:38.764243+00:00,TR|DE|FR,12,3,0,6553,success,stress100-global,individual,A
3f9d3eb7-ac88-49a0-a148-2bc023b80b24,admin@platform.com,2026-03-07T10:50:30.325104+00:00,TR|DE|FR,12,3,0,6926,success,stress100-global,individual,A
05d01458-4f00-4227-ac5d-843ef02b2001,admin@platform.com,2026-03-07T10:50:21.514293+00:00,TR|DE|FR,12,3,0,6414,success,stress100-global,individual,A
384f8d45-1494-445d-8734-68d362e1b011,admin@platform.com,2026-03-07T10:50:13.183440+00:00,TR|DE|FR,12,3,0,6402,success,stress100-global,individual,A
9319f99f-68b3-44e6-9835-685442460b19,admin@platform.com,2026-03-07T10:50:04.893473+00:00,TR|DE|FR,12,3,0,7303,success,stress100-global,individual,A
8f322db3-4294-4507-90aa-fa3eba42b70d,admin@platform.com,2026-03-07T10:49:55.680136+00:00,TR|DE|FR,12,3,0,6743,success,stress100-global,individual,A
f8c28c79-f3cc-4925-b77f-82d7800bce1c,admin@platform.com,2026-03-07T10:49:46.999031+00:00,TR|DE|FR,12,3,0,6465,success,stress100-global,individual,A
4f009a08-4350-44c0-996b-b20c42475007,admin@platform.com,2026-03-07T10:49:38.589257+00:00,TR|DE|FR,12,3,0,6440,success,stress100-global,individual,A
701fd50a-885e-49e9-88bf-69c5911385e0,admin@platform.com,2026-03-07T10:49:30.265556+00:00,TR|DE|FR,12,3,0,6403,success,stress100-global,individual,A
9522016f-4eb2-462d-ab8b-c225c3e3ea1f,admin@platform.com,2026-03-07T10:49:21.959269+00:00,TR|DE|FR,12,3,0,6391,success,stress100-global,individual,A
98b8c8bc-599d-459c-a448-118225dc1abe,admin@platform.com,2026-03-07T10:49:13.673074+00:00,TR|DE|FR,12,3,0,6767,success,stress100-global,individual,A
cee15b4c-a4e4-4d77-9aa6-507862c6b5e8,admin@platform.com,2026-03-07T10:49:04.967650+00:00,TR|DE|FR,12,3,0,6601,success,stress100-global,individual,A
121db093-06cd-4f73-93d9-6bb98c4ffd13,admin@platform.com,2026-03-07T10:48:56.486582+00:00,TR|DE|FR,12,3,0,6408,success,stress100-global,individual,A
86abc8ec-d7be-480b-bd22-311fdd9b3b8d,admin@platform.com,2026-03-07T10:48:48.200969+00:00,TR|DE|FR,12,3,0,6764,success,stress100-global,individual,A
49a547b1-28c1-48b1-8bda-0f0ec974b6d6,admin@platform.com,2026-03-07T10:48:39.404706+00:00,TR|DE|FR,12,3,0,6428,success,stress100-global,individual,A
aebecb98-3e28-401a-87b8-eb073fca8766,admin@platform.com,2026-03-07T10:48:31.053449+00:00,TR|DE|FR,12,3,0,6433,success,stress100-global,individual,A
d18b37bf-796a-42b7-b7f8-6ded85422793,admin@platform.com,2026-03-07T10:48:22.713340+00:00,TR|DE|FR,12,3,0,6420,success,stress100-global,individual,A
a03eb17a-75b0-445a-ba2a-cec5653a9720,admin@platform.com,2026-03-07T10:48:14.386353+00:00,TR|DE|FR,12,3,0,6422,success,stress100-global,individual,A
77f32e9e-0b38-4efc-92e3-ed1dcf107015,admin@platform.com,2026-03-07T10:48:06.045997+00:00,TR|DE|FR,12,3,0,6601,success,stress100-global,individual,A
af6e739c-535b-4ed4-9c24-1694166e9778,admin@platform.com,2026-03-07T10:47:57.536654+00:00,TR|DE|FR,12,3,0,6415,success,stress100-global,individual,A
c61b5db5-f351-4562-a183-292c71546d0f,admin@platform.com,2026-03-07T10:47:49.226745+00:00,TR|DE|FR,12,3,0,7205,success,stress100-global,individual,A
0ce50e41-878b-4940-a0bb-f70cec62518b,admin@platform.com,2026-03-07T10:47:39.063719+00:00,TR|DE|FR,12,3,0,6429,success,stress100-global,individual,A
22c70617-39dd-4077-82b3-b342ada70c2d,admin@platform.com,2026-03-07T10:47:30.748587+00:00,TR|DE|FR,12,3,0,6425,success,stress100-global,individual,A
a48fdfe6-7895-4d0d-8dad-c160a51bc77c,admin@platform.com,2026-03-07T10:47:22.419563+00:00,TR|DE|FR,12,3,0,6424,success,stress100-global,individual,A
c8240ac5-3163-4dcc-ac20-b582ea138afd,admin@platform.com,2026-03-07T10:47:14.108709+00:00,TR|DE|FR,12,3,0,6520,success,stress100-global,individual,A
a3cf8624-ad1e-4762-accb-1d8ed6fcc616,admin@platform.com,2026-03-07T10:47:05.688950+00:00,TR|DE|FR,12,3,0,6797,success,stress100-global,individual,A
ed9d6def-b56f-4833-b739-93397a52c9cc,admin@platform.com,2026-03-07T10:46:56.987880+00:00,TR|DE|FR,12,3,0,6420,success,stress100-global,individual,A
b0becf06-038e-4223-8409-5f9f68ffa907,admin@platform.com,2026-03-07T10:46:48.620230+00:00,TR|DE|FR,12,3,0,6428,success,stress100-global,individual,A
cd2cc7d2-dfe0-4666-98bf-b4ba3f7682e0,admin@platform.com,2026-03-07T10:46:40.305517+00:00,TR|DE|FR,12,3,0,6578,success,stress100-global,individual,A
2c6ddc2f-2994-4e43-a286-25db97b4717a,admin@platform.com,2026-03-07T10:46:31.841149+00:00,TR|DE|FR,12,3,0,14976,success,stress100-global,individual,A
ff2bb538-1872-4ed1-bf7c-de2c0e12b860,admin@platform.com,2026-03-07T10:45:30.678868+00:00,TR,4,1,0,6802,success,global,individual,A
8b0a7bcf-33b3-4dbb-bffa-187184802731,admin@platform.com,2026-03-07T10:45:05.990218+00:00,TR|DE|FR,12,3,0,20864,success,global,individual,A
97f19447-d2ed-4421-87ab-366e0d3fdbe7,admin@platform.com,2026-03-07T10:39:49.266541+00:00,TR|DE|FR,12,3,0,20337,success,global,individual,A
0ed17ace-c17b-4dee-944e-c111a9cbe7ca,admin@platform.com,2026-03-07T10:39:03.731548+00:00,TR|DE|FR,12,3,0,30331,success,global,individual,A
